Day_of_Week,Revenue,Recipients,RPR
Friday,210387.0,2571949,0.08180061113186926
Monday,134559.0,1766624,0.0761673112105349
Saturday,144257.0,1593288,0.09054044215483956
Sunday,129603.0,1882345,0.06885188421888655
Thursday,75352.0,1468925,0.051297377333764486
Tuesday,159053.0,2409247,0.06601772254982573
Wednesday,101489.0,1517180,0.06689318340605598
